﻿Designator,Footprint,Quantity,Value,LCSC Part #
"D1, D10, D11, D12, D13, D14, D15, D16, D17, D18, D19, D2, D20, D21, D22, D23, D24, D25, D26, D27, D28, D29, D3, D30, D31, D32, D33, D34, D35, D36, D37, D38, D39, D4, D40, D41, D42, D43, D44, D45, D46, D47, D48, D5, D52, D53, D54, D55, D56, D57, D6, D7, D8, D9",D3_SMD_v2,54,1N4448W,
"H1, H2, H3, H4",MountingHole_3.2mm_M3_DIN965,4,MountingHole,
J1,matrix_connector,1,Conn_02x04_Odd_Even,
"SW1, SW13, SW14, SW15, SW16, SW17, SW18, SW2, SW25, SW26, SW27, SW28, SW29, SW3, SW30, SW37, SW38, SW39, SW4, SW40, SW41, SW42, SW5, SW52, SW53, SW54, SW6",ChocV1_Hotswap_reverse,27,SW_Push_45deg,
"SW10, SW11, SW12, SW19, SW20, SW21, SW22, SW23, SW24, SW31, SW32, SW33, SW34, SW35, SW36, SW43, SW44, SW45, SW46, SW47, SW48, SW55, SW56, SW57, SW7, SW8, SW9",ChocV1_Hotswap,27,SW_Push_45deg,
